image0.png, 1
image1.png, 1
image2.png, 1
image3.png, 1
image4.png, 1
image5.png, 1
image6.png, 1
image7.png, 1
image8.png, 1
image9.png, 1
image10.png, 1
image11.png, 1
image12.png, 1
image13.png, 1
image14.png, 1
image15.png, 1
image16.png, 1
image17.png, 1
image18.png, 1
image19.png, 1
image20.png, 1
image21.png, 1
image22.png, 1
image23.png, 1
image24.png, 1
image25.png, 1
image26.png, 1
image27.png, 1
image28.png, 1
image29.png, 1
image30.png, 1
image31.png, 1
image32.png, 1
image33.png, 1
image34.png, 1
image35.png, 1
image36.png, 1
image37.png, 1
image38.png, 1
image39.png, 1
image40.png, 1
image41.png, 1
image42.png, 1
image43.png, 1
image44.png, 1
image45.png, 1
image46.png, 1
image47.png, 1
image48.png, 1
image49.png, 1
image50.png, 1
image51.png, 1
image52.png, 1
image53.png, 1
image54.png, 1
image55.png, 1
image56.png, 1
image57.png, 1
image58.png, 1
image59.png, 1
image60.png, 1
image61.png, 1
image62.png, 1
image63.png, 1
image64.png, 1
image65.png, 1
image66.png, 1
image67.png, 1
image68.png, 1
image69.png, 1
image70.png, 1
image71.png, 1
image72.png, 1
image73.png, 1
image74.png, 1
image75.png, 1
image76.png, 1
image77.png, 1
image78.png, 1
image79.png, 1
image80.png, 1
image81.png, 1
image82.png, 1
image83.png, 1
image84.png, 1
image85.png, 1
image86.png, 1
image87.png, 1
image88.png, 1
image89.png, 1
image90.png, 1
image91.png, 1
image92.png, 1
image93.png, 1
image94.png, 1
image95.png, 1
image96.png, 1
image97.png, 1
image98.png, 1
image99.png, 1
image100.png, 1
image101.png, 1
image102.png, 1
image103.png, 1
image104.png, 1
image105.png, 1
image106.png, 1
image107.png, 1
image108.png, 1
image109.png, 1
image110.png, 1
image111.png, 1
image112.png, 1
image113.png, 1
image114.png, 1
image115.png, 1
image116.png, 1
image117.png, 1
image118.png, 1
image119.png, 1
image120.png, 1
image121.png, 1
image122.png, 1
image123.png, 1
image124.png, 1
image125.png, 1
image126.png, 1
image127.png, 1
image128.png, 1
image129.png, 1
image130.png, 1
image131.png, 1
image132.png, 1
image133.png, 1
image134.png, 1
image135.png, 1
image136.png, 1
image137.png, 1
image138.png, 1
image139.png, 1
image140.png, 1
image141.png, 1
image142.png, 1
image143.png, 1
image144.png, 1
image145.png, 1
image146.png, 1
image147.png, 1
image148.png, 1
image149.png, 1
image150.png, 1
image151.png, 1
image152.png, 1
image153.png, 1
image154.png, 1
image155.png, 1
image156.png, 1
image157.png, 1
image158.png, 1
image159.png, 1
image160.png, 1
image161.png, 1
image162.png, 1
image163.png, 1
image164.png, 1
image165.png, 1
image166.png, 1
image167.png, 1
image168.png, 1
image169.png, 1
image170.png, 1
image171.png, 1
image172.png, 1
image173.png, 1
image174.png, 1
image175.png, 1
image176.png, 1
image177.png, 1
image178.png, 1
image179.png, 1
image180.png, 1
image181.png, 1
image182.png, 1
image183.png, 1
image184.png, 1
image185.png, 1
image186.png, 1
image187.png, 1
image188.png, 1
image189.png, 1
image190.png, 1
image191.png, 1
image192.png, 1
image193.png, 1
image194.png, 1
image195.png, 1
image196.png, 1
image197.png, 1
image198.png, 1
image199.png, 1
image200.png, 1
image201.png, 1
image202.png, 1
image203.png, 1
image204.png, 1
image205.png, 1
image206.png, 1
image207.png, 1
image208.png, 1
image209.png, 1
image210.png, 1
image211.png, 1
image212.png, 1
image213.png, 1
image214.png, 1
image215.png, 1
image216.png, 1
image217.png, 1
image218.png, 1
image219.png, 1
image220.png, 1
image221.png, 1
image222.png, 1
image223.png, 1
image224.png, 1
image225.png, 1
image226.png, 1
image227.png, 1
image228.png, 1
image229.png, 1
image230.png, 1
image231.png, 1
image232.png, 1
image233.png, 1
image234.png, 1
image235.png, 1
image236.png, 1
image237.png, 1
image238.png, 1
image239.png, 1
image240.png, 1
image241.png, 1
image242.png, 1
image243.png, 1
image244.png, 1
image245.png, 1
image246.png, 1
image247.png, 1
image248.png, 1
image249.png, 1
image250.png, 1
image251.png, 1
image252.png, 1
image253.png, 1
image254.png, 1
image255.png, 1
image256.png, 1
image257.png, 1
image258.png, 1
image259.png, 1
image260.png, 1
image261.png, 1
image262.png, 1
image263.png, 1
image264.png, 1
image265.png, 1
image266.png, 1
image267.png, 1
image268.png, 1
image269.png, 1
image270.png, 1
image271.png, 1
image272.png, 1
image273.png, 1
image274.png, 1
image275.png, 1
image276.png, 1
image277.png, 1
image278.png, 1
image279.png, 1
image280.png, 1
image281.png, 1
image282.png, 1
image283.png, 1
image284.png, 1
image285.png, 1
image286.png, 1
image287.png, 1
image288.png, 1
image289.png, 1
image290.png, 1
image291.png, 1
image292.png, 1
image293.png, 1
image294.png, 1
image295.png, 1
image296.png, 1
image297.png, 1
image298.png, 1
image299.png, 1
image300.png, 1
image301.png, 1
image302.png, 1
image303.png, 1
image304.png, 1
image305.png, 1
image306.png, 1
image307.png, 1
image308.png, 1
image309.png, 1
image310.png, 1
image311.png, 1
image312.png, 1
image313.png, 1
image314.png, 1
image315.png, 1
image316.png, 1
image317.png, 1
image318.png, 1
image319.png, 1
image320.png, 1
image321.png, 1
image322.png, 1
image323.png, 1
image324.png, 1
image325.png, 1
image326.png, 1
image327.png, 1
image328.png, 1
image329.png, 1
image330.png, 1
image331.png, 1
image332.png, 1
image333.png, 1
image334.png, 1
image335.png, 1
image336.png, 1
image337.png, 1
image338.png, 1
image339.png, 1
image340.png, 1
image341.png, 1
image342.png, 1
image343.png, 1
image344.png, 1
image345.png, 1
image346.png, 1
image347.png, 1
image348.png, 1
image349.png, 1
image350.png, 1
image351.png, 1
image352.png, 1
image353.png, 1
image354.png, 1
image355.png, 1
image356.png, 1
image357.png, 1
image358.png, 1
image359.png, 1
image360.png, 1
image361.png, 1
image362.png, 1
image363.png, 1
image364.png, 1
image365.png, 1
image366.png, 1
image367.png, 1
image368.png, 1
image369.png, 1
image370.png, 1
image371.png, 1
image372.png, 1
image373.png, 1
image374.png, 1
image375.png, 1
image376.png, 1
image377.png, 1
image378.png, 1
image379.png, 1
image380.png, 1
image381.png, 1
image382.png, 1
image383.png, 1
image384.png, 1
image385.png, 1
image386.png, 1
image387.png, 1
image388.png, 1
image389.png, 1
image390.png, 1
image391.png, 1
image392.png, 1
image393.png, 1
image394.png, 1
image395.png, 1
image396.png, 1
image397.png, 1
image398.png, 1
image399.png, 1
image400.png, 1
image401.png, 1
image402.png, 1
image403.png, 1
image404.png, 1
image405.png, 1
image406.png, 1
image407.png, 1
image408.png, 1
image409.png, 1
image410.png, 1
image411.png, 1
image412.png, 1
image413.png, 1
image414.png, 1
image415.png, 1
image416.png, 1
image417.png, 1
image418.png, 1
image419.png, 1
image420.png, 1
image421.png, 1
image422.png, 1
image423.png, 1
image424.png, 1
image425.png, 1
image426.png, 1
image427.png, 1
image428.png, 1
image429.png, 1
image430.png, 1
image431.png, 1
image432.png, 1
image433.png, 1
image434.png, 1
image435.png, 1
image436.png, 1
image437.png, 1
image438.png, 1
image439.png, 1
image440.png, 1
image441.png, 1
image442.png, 1
image443.png, 1
image444.png, 1
image445.png, 1
image446.png, 1
image447.png, 1
image448.png, 1
image449.png, 1
image450.png, 1
image451.png, 1
image452.png, 1
image453.png, 1
image454.png, 1
image455.png, 1
image456.png, 1
image457.png, 1
image458.png, 1
image459.png, 1
image460.png, 1
image461.png, 1
image462.png, 1
image463.png, 1
image464.png, 1
image465.png, 1
image466.png, 1
image467.png, 1
image468.png, 1
image469.png, 1
image470.png, 1
image471.png, 1
image472.png, 1
image473.png, 1
image474.png, 1
image475.png, 1
image476.png, 1
image477.png, 1
image478.png, 1
image479.png, 1
image480.png, 1
image481.png, 1
image482.png, 1
image483.png, 1
image484.png, 1
image485.png, 1
image486.png, 1
image487.png, 1
image488.png, 1
image489.png, 1
image490.png, 1
image491.png, 1
image492.png, 1
image493.png, 1
image494.png, 1
image495.png, 1
image496.png, 1
image497.png, 1
image498.png, 1
image499.png, 1
image500.png, 0
image501.png, 0
image502.png, 0
image503.png, 0
image504.png, 0
image505.png, 0
image506.png, 0
image507.png, 0
image508.png, 0
image509.png, 0
image510.png, 0
image511.png, 0
image512.png, 0
image513.png, 0
image514.png, 0
image515.png, 0
image516.png, 0
image517.png, 0
image518.png, 0
image519.png, 0
image520.png, 0
image521.png, 0
image522.png, 0
image523.png, 0
image524.png, 0
image525.png, 0
image526.png, 0
image527.png, 0
image528.png, 0
image529.png, 0
image530.png, 0
image531.png, 0
image532.png, 0
image533.png, 0
image534.png, 0
image535.png, 0
image536.png, 0
image537.png, 0
image538.png, 0
image539.png, 0
image540.png, 0
image541.png, 0
image542.png, 0
image543.png, 0
image544.png, 0
image545.png, 0
image546.png, 0
image547.png, 0
image548.png, 0
image549.png, 0
image550.png, 0
image551.png, 0
image552.png, 0
image553.png, 0
image554.png, 0
image555.png, 0
image556.png, 0
image557.png, 0
image558.png, 0
image559.png, 0
image560.png, 0
image561.png, 0
image562.png, 0
image563.png, 0
image564.png, 0
image565.png, 0
image566.png, 0
image567.png, 0
image568.png, 0
image569.png, 0
image570.png, 0
image571.png, 0
image572.png, 0
image573.png, 0
image574.png, 0
image575.png, 0
image576.png, 0
image577.png, 0
image578.png, 0
image579.png, 0
image580.png, 0
image581.png, 0
image582.png, 0
image583.png, 0
image584.png, 0
image585.png, 0
image586.png, 0
image587.png, 0
image588.png, 0
image589.png, 0
image590.png, 0
image591.png, 0
image592.png, 0
image593.png, 0
image594.png, 0
image595.png, 0
image596.png, 0
image597.png, 0
image598.png, 0
image599.png, 0
image600.png, 0
image601.png, 0
image602.png, 0
image603.png, 0
image604.png, 0
image605.png, 0
image606.png, 0
image607.png, 0
image608.png, 0
image609.png, 0
image610.png, 0
image611.png, 0
image612.png, 0
image613.png, 0
image614.png, 0
image615.png, 0
image616.png, 0
image617.png, 0
image618.png, 0
image619.png, 0
image620.png, 0
image621.png, 0
image622.png, 0
image623.png, 0
image624.png, 0
image625.png, 0
image626.png, 0
image627.png, 0
image628.png, 0
image629.png, 0
image630.png, 0
image631.png, 0
image632.png, 0
image633.png, 0
image634.png, 0
image635.png, 0
image636.png, 0
image637.png, 0
image638.png, 0
image639.png, 0
image640.png, 0
image641.png, 0
image642.png, 0
image643.png, 0
image644.png, 0
image645.png, 0
image646.png, 0
image647.png, 0
image648.png, 0
image649.png, 0
image650.png, 0
image651.png, 0
image652.png, 0
image653.png, 0
image654.png, 0
image655.png, 0
image656.png, 0
image657.png, 0
image658.png, 0
image659.png, 0
image660.png, 0
image661.png, 0
image662.png, 0
image663.png, 0
image664.png, 0
image665.png, 0
image666.png, 0
image667.png, 0
image668.png, 0
image669.png, 0
image670.png, 0
image671.png, 0
image672.png, 0
image673.png, 0
image674.png, 0
image675.png, 0
image676.png, 0
image677.png, 0
image678.png, 0
image679.png, 0
image680.png, 0
image681.png, 0
image682.png, 0
image683.png, 0
image684.png, 0
image685.png, 0
image686.png, 0
image687.png, 0
image688.png, 0
image689.png, 0
image690.png, 0
image691.png, 0
image692.png, 0
image693.png, 0
image694.png, 0
image695.png, 0
image696.png, 0
image697.png, 0
image698.png, 0
image699.png, 0
image700.png, 0
image701.png, 0
image702.png, 0
image703.png, 0
image704.png, 0
image705.png, 0
image706.png, 0
image707.png, 0
image708.png, 0
image709.png, 0
image710.png, 0
image711.png, 0
image712.png, 0
image713.png, 0
image714.png, 0
image715.png, 0
image716.png, 0
image717.png, 0
image718.png, 0
image719.png, 0
image720.png, 0
image721.png, 0
image722.png, 0
image723.png, 0
image724.png, 0
image725.png, 0
image726.png, 0
image727.png, 0
image728.png, 0
image729.png, 0
image730.png, 0
image731.png, 0
image732.png, 0
image733.png, 0
image734.png, 0
image735.png, 0
image736.png, 0
image737.png, 0
image738.png, 0
image739.png, 0
image740.png, 0
image741.png, 0
image742.png, 0
image743.png, 0
image744.png, 0
image745.png, 0
image746.png, 0
image747.png, 0
image748.png, 0
image749.png, 0
image750.png, 0
image751.png, 0
image752.png, 0
image753.png, 0
image754.png, 0
image755.png, 0
image756.png, 0
image757.png, 0
image758.png, 0
image759.png, 0
image760.png, 0
image761.png, 0
image762.png, 0
image763.png, 0
image764.png, 0
image765.png, 0
image766.png, 0
image767.png, 0
image768.png, 0
image769.png, 0
image770.png, 0
image771.png, 0
image772.png, 0
image773.png, 0
image774.png, 0
image775.png, 0
image776.png, 0
image777.png, 0
image778.png, 0
image779.png, 0
image780.png, 0
image781.png, 0
image782.png, 0
image783.png, 0
image784.png, 0
image785.png, 0
image786.png, 0
image787.png, 0
image788.png, 0
image789.png, 0
image790.png, 0
image791.png, 0
image792.png, 0
image793.png, 0
image794.png, 0
image795.png, 0
image796.png, 0
image797.png, 0
image798.png, 0
image799.png, 0
image800.png, 0
image801.png, 0
image802.png, 0
image803.png, 0
image804.png, 0
image805.png, 0
image806.png, 0
image807.png, 0
image808.png, 0
image809.png, 0
image810.png, 0
image811.png, 0
image812.png, 0
image813.png, 0
image814.png, 0
image815.png, 0
image816.png, 0
image817.png, 0
image818.png, 0
image819.png, 0
image820.png, 0
image821.png, 0
image822.png, 0
image823.png, 0
image824.png, 0
image825.png, 0
image826.png, 0
image827.png, 0
image828.png, 0
image829.png, 0
image830.png, 0
image831.png, 0
image832.png, 0
image833.png, 0
image834.png, 0
image835.png, 0
image836.png, 0
image837.png, 0
image838.png, 0
image839.png, 0
image840.png, 0
image841.png, 0
image842.png, 0
image843.png, 0
image844.png, 0
image845.png, 0
image846.png, 0
image847.png, 0
image848.png, 0
image849.png, 0
image850.png, 0
image851.png, 0
image852.png, 0
image853.png, 0
image854.png, 0
image855.png, 0
image856.png, 0
image857.png, 0
image858.png, 0
image859.png, 0
image860.png, 0
image861.png, 0
image862.png, 0
image863.png, 0
image864.png, 0
image865.png, 0
image866.png, 0
image867.png, 0
image868.png, 0
image869.png, 0
image870.png, 0
image871.png, 0
image872.png, 0
image873.png, 0
image874.png, 0
image875.png, 0
image876.png, 0
image877.png, 0
image878.png, 0
image879.png, 0
image880.png, 0
image881.png, 0
image882.png, 0
image883.png, 0
image884.png, 0
image885.png, 0
image886.png, 0
image887.png, 0
image888.png, 0
image889.png, 0
image890.png, 0
image891.png, 0
image892.png, 0
image893.png, 0
image894.png, 0
image895.png, 0
image896.png, 0
image897.png, 0
image898.png, 0
image899.png, 0
image900.png, 0
image901.png, 0
image902.png, 0
image903.png, 0
image904.png, 0
image905.png, 0
image906.png, 0
image907.png, 0
image908.png, 0
image909.png, 0
image910.png, 0
image911.png, 0
image912.png, 0
image913.png, 0
image914.png, 0
image915.png, 0
image916.png, 0
image917.png, 0
image918.png, 0
image919.png, 0
image920.png, 0
image921.png, 0
image922.png, 0
image923.png, 0
image924.png, 0
image925.png, 0
image926.png, 0
image927.png, 0
image928.png, 0
image929.png, 0
image930.png, 0
image931.png, 0
image932.png, 0
image933.png, 0
image934.png, 0
image935.png, 0
image936.png, 0
image937.png, 0
image938.png, 0
image939.png, 0
image940.png, 0
image941.png, 0
image942.png, 0
image943.png, 0
image944.png, 0
image945.png, 0
image946.png, 0
image947.png, 0
image948.png, 0
image949.png, 0
image950.png, 0
image951.png, 0
image952.png, 0
image953.png, 0
image954.png, 0
image955.png, 0
image956.png, 0
image957.png, 0
image958.png, 0
image959.png, 0
image960.png, 0
image961.png, 0
image962.png, 0
image963.png, 0
image964.png, 0
image965.png, 0
image966.png, 0
image967.png, 0
image968.png, 0
image969.png, 0
image970.png, 0
image971.png, 0
image972.png, 0
image973.png, 0
image974.png, 0
image975.png, 0
image976.png, 0
image977.png, 0
image978.png, 0
image979.png, 0
image980.png, 0
image981.png, 0
image982.png, 0
image983.png, 0
image984.png, 0
image985.png, 0
image986.png, 0
image987.png, 0
image988.png, 0
image989.png, 0
image990.png, 0
image991.png, 0
image992.png, 0
image993.png, 0
image994.png, 0
image995.png, 0
image996.png, 0
image997.png, 0
image998.png, 0
image999.png, 0
image1000.png, 0
image1001.png, 0
image1002.png, 0
image1003.png, 0
